"Site","gseason","grow_season","Temp_avg","Temp_min","Temp_max","Rain_sum","Pressure_avg","RH_avg","DP_avg","WS_avg","WD_avg","GS_max","SR_avg","WC_avg_15cm","WC_avg_5cm","WC_avg_30cm","ST_avg","W_avg","SD_avg"
"Atlin Monarch Mt","Summer (May-Sep)","mean",5.73,2.7,9.28,1.14,856.06,76.58,1.52,2.76,26.89,8.95,197.7,NA,NA,NA,NA,NA,NA
"Atlin Monarch Mt","Summer (May-Sep)","max",18.86,14.96,22.92,24.2,870.5,100,8.98,7.05,88.98,23.01,395.78,-Inf,-Inf,-Inf,-Inf,-Inf,-Inf
"Atlin Monarch Mt","Summer (May-Sep)","min",-4.98,-7.94,-2.57,0,842.9,32.55,-11.76,0.1,270.72,3.52,9.05,Inf,Inf,Inf,Inf,Inf,Inf
"Atlin Monarch Mt","Summer (May-Sep)","obs_na",610,610,610,301,1069,610,610,825,872,825,568,1225,1225,1225,1225,1225,1225
"Atlin Monarch Mt","Winter (Oct-Apr)","mean",-9.32,-11.65,-6.99,0.12,853.23,86.07,-11.36,2.34,14.85,7.87,62.2,NA,NA,NA,NA,NA,NA
"Atlin Monarch Mt","Winter (Oct-Apr)","max",9.05,6.31,13.69,11.2,1054.8,100,5.25,9.57,89.68,39.33,307.75,-Inf,-Inf,-Inf,-Inf,-Inf,-Inf
"Atlin Monarch Mt","Winter (Oct-Apr)","min",-34.72,-36.15,-33.06,0,803.8,30.68,-37.13,0,270.15,0,1.6,Inf,Inf,Inf,Inf,Inf,Inf
"Atlin Monarch Mt","Winter (Oct-Apr)","obs_na",849,849,849,424,1486,849,849,930,1209,930,762,1698,1698,1698,1698,1698,1698
"Atlin School","Summer (May-Sep)","mean",10.37,5.09,15.83,0.66,NA,68.81,4.33,0.34,21.51,3.73,88.7,NA,NA,NA,NA,NA,NA
"Atlin School","Summer (May-Sep)","max",20.96,14.58,30.75,22.8,-Inf,98.98,13.92,1.4,90,8.53,193.69,-Inf,-Inf,-Inf,-Inf,-Inf,-Inf
"Atlin School","Summer (May-Sep)","min",0.16,-4.83,2.69,0,Inf,34.81,-8.29,0,270.03,0,5.56,Inf,Inf,Inf,Inf,Inf,Inf
"Atlin School","Summer (May-Sep)","obs_na",0,0,0,0,2046,129,129,0,0,0,0,2046,2046,2046,2046,2046,2046
"Atlin School","Winter (Oct-Apr)","mean",-5.7,-9.61,-1.66,0.31,NA,80.02,-8.76,0.25,1.99,3.05,27.65,NA,NA,NA,NA,NA,NA
"Atlin School","Winter (Oct-Apr)","max",12.13,9.48,17.51,38.4,-Inf,99.99,8.38,2,89.91,12.99,174.58,-Inf,-Inf,-Inf,-Inf,-Inf,-Inf
"Atlin School","Winter (Oct-Apr)","min",-35.21,-38.91,-30.76,0,Inf,37.71,-37.87,0,270.1,0,0.65,Inf,Inf,Inf,Inf,Inf,Inf
"Atlin School","Winter (Oct-Apr)","obs_na",0,0,0,0,2922,212,212,0,0,0,0,2922,2922,2922,2922,2922,2922
"Barren","Summer (May-Sep)","mean",11.27,5.2,17.16,1.4,894.49,69.78,5.15,0.88,34.1,7.15,208.46,0.09,0.14,0.11,10.86,NA,NA
"Barren","Summer (May-Sep)","max",21.9,14.15,29.69,61.2,907.08,98.69,12.69,3.06,88.73,13.09,376.61,0.2,0.28,0.28,15.6,-Inf,-Inf
"Barren","Summer (May-Sep)","min",-0.83,-3.57,0.33,0,875.02,33.07,-4.47,0,271.66,1.51,11.5,0.02,0.04,0.05,0.49,Inf,Inf
"Barren","Summer (May-Sep)","obs_na",0,0,0,0,0,0,0,0,0,0,0,0,27,0,0,689,689
"Barren","Winter (Oct-Apr)","mean",-3.84,-8.02,0.21,0.84,889.98,85.4,-6.24,0.53,14.81,5.82,72.68,0.11,0.16,0.14,1.72,NA,NA
"Barren","Winter (Oct-Apr)","max",11.71,9.14,20.41,24.2,917.1,100,8.03,3.12,89.78,13.59,294.78,0.19,0.31,0.23,10.09,-Inf,-Inf
"Barren","Winter (Oct-Apr)","min",-31.61,-36.15,-25.84,0,863.58,44.04,-33.85,0,270.32,0,1.65,0.03,0.07,0.06,0.22,Inf,Inf
"Barren","Winter (Oct-Apr)","obs_na",0,0,0,0,0,0,0,0,0,0,0,0,138,0,0,849,849
"Blackhawk","Summer (May-Sep)","mean",11.66,3.15,18.61,1.63,903.13,70.37,5.37,1.07,23.59,8.01,189.89,0.11,NA,NA,14.86,NA,0.04
"Blackhawk","Summer (May-Sep)","max",28.2,18.01,39.86,56.8,920.44,100,17.14,4.53,89.97,20.41,353.38,0.19,-Inf,-Inf,20.58,-Inf,8.91
"Blackhawk","Summer (May-Sep)","min",-3.84,-11.61,-2.48,0,879.11,32.53,-11.4,0,270.09,0.25,10.61,0.02,Inf,Inf,7.47,Inf,0
"Blackhawk","Summer (May-Sep)","obs_na",0,0,0,0,0,0,0,0,264,0,0,846,2118,2118,1974,2118,741
"Blackhawk","Winter (Oct-Apr)","mean",-5.13,-11.85,0.88,0.47,900.52,79,-8.72,0.95,20.19,7.18,68.32,0.08,NA,NA,1.01,NA,19.43
"Blackhawk","Winter (Oct-Apr)","max",15.98,9.85,25.96,23,929.98,100,7.5,6.79,89.97,25.42,276.6,0.26,-Inf,-Inf,9.83,-Inf,99.99
"Blackhawk","Winter (Oct-Apr)","min",-41.05,-46.42,-31.99,0,871.9,30.69,-43.78,0,270.03,0,2.22,0,Inf,Inf,-4.28,Inf,0
"Blackhawk","Winter (Oct-Apr)","obs_na",0,0,0,0,0,0,0,0,318,0,0,1133,2855,2855,2655,2855,936
"Boulder Creek","Summer (May-Sep)","mean",13.03,6.71,19.8,1.42,965,78.62,8.54,0.27,356.86,-Inf,185.73,0.11,NA,NA,13.08,39.12,NA
"Boulder Creek","Summer (May-Sep)","max",26.02,16.87,37.21,34,984.37,100,17.05,1.46,89.5,14.1,368.27,0.22,-Inf,-Inf,17.27,100,-Inf
"Boulder Creek","Summer (May-Sep)","min",1.22,-4.59,3.93,0,944.64,30.25,-13.65,0,270.03,-Inf,0.6,0,Inf,Inf,7.32,0,Inf
"Boulder Creek","Summer (May-Sep)","obs_na",0,0,0,124,0,0,0,73,73,0,200,747,2056,2056,1826,101,2056
"Boulder Creek","Winter (Oct-Apr)","mean",-1.41,-5.11,2.77,1.29,963.6,89.04,-3.38,0.19,352.34,-Inf,57.62,0.14,NA,NA,1.61,49.38,NA
"Boulder Creek","Winter (Oct-Apr)","max",13.82,10.21,24.07,49.6,998.02,100,11.93,1.89,89.98,15.21,293.27,0.28,-Inf,-Inf,8.65,100,-Inf
"Boulder Creek","Winter (Oct-Apr)","min",-32.86,-36.46,-29.06,0,931.48,26,-35.87,0,270.02,-Inf,0.82,0,Inf,Inf,-2.91,0,Inf
"Boulder Creek","Winter (Oct-Apr)","obs_na",0,0,0,213,0,0,0,199,199,0,133,1245,2943,2943,2731,199,2943
"Bowron Pit","Summer (May-Sep)","mean",12.65,Inf,-Inf,2.04,931.65,77.53,8.01,0.18,342.99,-Inf,186.91,0.21,NA,NA,12.25,NA,0.08
"Bowron Pit","Summer (May-Sep)","max",27.8,Inf,38.53,28.4,949.89,100,17.44,1.53,89.72,13.59,368.52,0.4,-Inf,-Inf,15.19,-Inf,11.17
"Bowron Pit","Summer (May-Sep)","min",0.35,-7.67,-Inf,0,913.39,38.43,-5.4,0,270.13,-Inf,19.62,0.13,Inf,Inf,7.57,Inf,0
"Bowron Pit","Summer (May-Sep)","obs_na",14,0,0,14,14,14,14,14,177,0,14,14,1192,1192,1039,1192,212
"Bowron Pit","Winter (Oct-Apr)","mean",-2.05,-7.32,3.07,1.53,930.53,83.2,-4.96,0.3,347.56,5.24,64.05,0.21,NA,NA,2.32,NA,20.3
"Bowron Pit","Winter (Oct-Apr)","max",15.81,9.53,25.4,38,963.18,100,10.7,2.45,89.95,19.12,302.07,0.29,-Inf,-Inf,9.45,-Inf,91.64
"Bowron Pit","Winter (Oct-Apr)","min",-38.63,-45.01,-30.2,0,902.5,39.51,-41.69,0,270.43,0,2.17,0.09,Inf,Inf,-0.42,Inf,0
"Bowron Pit","Winter (Oct-Apr)","obs_na",0,0,0,0,0,0,0,0,243,0,0,0,1695,1695,1402,1695,272
"Bulkley","Summer (May-Sep)","mean",13.3,Inf,-Inf,1.45,944.71,74.84,7.79,0.25,4.58,3.38,124.71,NA,NA,NA,NA,39.29,NA
"Bulkley","Summer (May-Sep)","max",27.88,Inf,39.66,42.01,963.48,100,17.92,1.19,89.98,7.98,322.6,-Inf,-Inf,-Inf,-Inf,100,-Inf
"Bulkley","Summer (May-Sep)","min",0.47,-6.74,-Inf,0,919.27,32.17,-10.85,0,270.01,0,16.13,Inf,Inf,Inf,Inf,0.1,Inf
"Bulkley","Summer (May-Sep)","obs_na",7,0,0,57,0,71,71,0,0,0,12,2782,2782,2782,2782,113,2782
"Bulkley","Winter (Oct-Apr)","mean",-1.69,-6.57,3.1,0.9,943.79,81.6,-4.88,0.33,351.59,3.29,33.67,NA,NA,NA,NA,28.88,NA
"Bulkley","Winter (Oct-Apr)","max",16.78,12.12,26.21,22.6,976.04,100,10.84,1.77,89.8,10.02,241.08,-Inf,-Inf,-Inf,-Inf,100,-Inf
"Bulkley","Winter (Oct-Apr)","min",-38.32,-43.56,-32.29,0,907.59,28.25,-41.44,0,270.07,0,0.92,Inf,Inf,Inf,Inf,0,Inf
"Bulkley","Winter (Oct-Apr)","obs_na",0,0,0,119,0,0,0,0,0,0,156,3638,3638,3638,3638,213,3638
"Canoe","Summer (May-Sep)","mean",5.98,3.01,9.18,1.84,780.14,75.67,1.43,4.72,348.84,-Inf,211.16,NA,NA,NA,NA,NA,NA
"Canoe","Summer (May-Sep)","max",24.55,20.79,28.94,47.6,793.25,100,10.84,13.71,88.85,49.31,429.26,-Inf,-Inf,-Inf,-Inf,-Inf,-Inf
"Canoe","Summer (May-Sep)","min",-9.24,-10.65,-7.58,0,762.82,26.27,-12.54,0,270.2,-Inf,15.92,Inf,Inf,Inf,Inf,Inf,Inf
"Canoe","Summer (May-Sep)","obs_na",0,0,0,126,126,0,0,84,188,0,0,1836,1836,1836,1836,1836,1836
"Canoe","Winter (Oct-Apr)","mean",-7.31,-9.64,-4.89,0.2,772.37,87.32,-9.33,5.47,346.12,-Inf,82.31,NA,NA,NA,NA,NA,NA
"Canoe","Winter (Oct-Apr)","max",10.73,8.49,14.51,31.01,793.62,100,4.21,17.49,89.84,36.64,327.38,-Inf,-Inf,-Inf,-Inf,-Inf,-Inf
"Canoe","Winter (Oct-Apr)","min",-35.18,-40.49,-30.41,0,748.41,15,-37.68,0,270.09,-Inf,3.58,Inf,Inf,Inf,Inf,Inf,Inf
"Canoe","Winter (Oct-Apr)","obs_na",0,0,0,13,15,0,0,183,214,0,0,2539,2539,2539,2539,2539,2539
"Caribou Pass","Summer (May-Sep)","mean",5.2,2.25,9.01,1.28,814.02,77.35,1.04,5.75,6.38,14.02,170.82,NA,6.01,NA,NA,NA,NA
"Caribou Pass","Summer (May-Sep)","max",17.28,13.57,24.17,26,826.31,100,9.86,14.9,89.85,32.16,359.63,-Inf,13.28,-Inf,-Inf,-Inf,-Inf
"Caribou Pass","Summer (May-Sep)","min",-4.88,-7.09,-2.45,0,794.69,34.24,-8.18,0.82,270.25,4.68,22.7,Inf,0.56,Inf,Inf,Inf,Inf
"Caribou Pass","Summer (May-Sep)","obs_na",0,0,0,0,0,0,0,0,0,0,0,364,206,364,364,364,364
"Caribou Pass","Winter (Oct-Apr)","mean",-8.07,-10.56,-5.1,0.05,805.11,84.95,-10.4,5.8,356.52,-Inf,62.38,NA,-4.6,NA,NA,NA,NA
"Caribou Pass","Winter (Oct-Apr)","max",5.71,3.59,14.67,4,824.67,99.91,2.73,18.92,88.85,45.22,287.6,-Inf,3.4,-Inf,-Inf,-Inf,-Inf
"Caribou Pass","Winter (Oct-Apr)","min",-33.14,-35.19,-30.69,0,773.72,29.64,-35.69,0,270.02,-Inf,3.26,Inf,-14.9,Inf,Inf,Inf,Inf
"Caribou Pass","Winter (Oct-Apr)","obs_na",0,0,0,0,87,0,0,19,0,0,0,521,308,521,521,521,521
"Cassiar Mt","Summer (May-Sep)","mean",6.81,4,10.07,1.87,837.47,79.6,3.21,0.57,0.1,6.83,187.13,NA,NA,NA,NA,NA,NA
"Cassiar Mt","Summer (May-Sep)","max",19.44,15.46,24.1,34.6,852.73,99.63,11.81,2.71,89.9,20.22,375.05,-Inf,-Inf,-Inf,-Inf,-Inf,-Inf
"Cassiar Mt","Summer (May-Sep)","min",-3.77,-7.19,-2.77,0,824.61,38.13,-7.42,0,278.63,0,18.43,Inf,Inf,Inf,Inf,Inf,Inf
"Cassiar Mt","Summer (May-Sep)","obs_na",0,0,0,0,0,0,0,0,0,0,0,319,319,319,319,319,319
"Cassiar Mt","Winter (Oct-Apr)","mean",-9.27,-11.81,-6.49,0.27,829.57,84.66,-11.54,0.5,358.04,5.74,66.9,NA,NA,NA,NA,NA,NA
"Cassiar Mt","Winter (Oct-Apr)","max",7.59,4.61,11.05,21.2,848.91,99.7,3.02,7.11,88.79,28.57,276.5,-Inf,-Inf,-Inf,-Inf,-Inf,-Inf
"Cassiar Mt","Winter (Oct-Apr)","min",-29.89,-32.91,-27.83,0,803.25,37.35,-32.21,0,271.13,0,4.57,Inf,Inf,Inf,Inf,Inf,Inf
"Cassiar Mt","Winter (Oct-Apr)","obs_na",0,0,0,0,0,0,0,0,0,0,0,424,424,424,424,424,424
"Central Plateau Finlay","Summer (May-Sep)","mean",13.3,Inf,-Inf,1.62,945.3,75.41,7.98,3.2,353.99,-Inf,116.98,NA,NA,NA,NA,35.18,NA
"Central Plateau Finlay","Summer (May-Sep)","max",27.3,Inf,38.59,37.2,964.05,100,18.33,104.26,89.96,8.72,356.45,-Inf,-Inf,-Inf,-Inf,100,-Inf
"Central Plateau Finlay","Summer (May-Sep)","min",0.9,-5.31,-Inf,0,919.28,21.25,-20.8,0,270.14,-Inf,13.63,Inf,Inf,Inf,Inf,0,Inf
"Central Plateau Finlay","Summer (May-Sep)","obs_na",27,0,0,153,126,30,30,27,27,0,27,2806,2806,2806,2806,157,2806
"Central Plateau Finlay","Winter (Oct-Apr)","mean",-1.69,Inf,-Inf,1.08,944.57,81.32,-5.05,1.3,349.09,-Inf,40.2,NA,NA,NA,NA,28.07,NA
"Central Plateau Finlay","Winter (Oct-Apr)","max",17.15,Inf,26.09,41.4,977.55,100,11.07,70.56,89.89,11.69,312.26,-Inf,-Inf,-Inf,-Inf,100,-Inf
"Central Plateau Finlay","Winter (Oct-Apr)","min",-37.8,-42.08,-Inf,0,908.36,20.02,-41.21,0,270.02,-Inf,0.71,Inf,Inf,Inf,Inf,0,Inf
"Central Plateau Finlay","Winter (Oct-Apr)","obs_na",90,0,0,90,139,109,109,103,90,0,90,3850,3850,3850,3850,303,3850
"Chapman","Summer (May-Sep)","mean",11.28,2.52,19.35,1.24,917.88,71.63,5.36,0.2,11.7,5.17,199.71,0.24,0.22,0.28,11.76,NA,NA
"Chapman","Summer (May-Sep)","max",20.22,13.88,32.1,34.8,930.82,98.02,12.7,1.13,89.97,10.57,369.58,0.59,0.56,0.54,18.5,-Inf,-Inf
"Chapman","Summer (May-Sep)","min",-0.56,-6.36,1.89,0,898.34,41.41,-4.93,0,270.19,2.01,18.28,0.05,0.05,0.09,2.94,Inf,Inf
"Chapman","Summer (May-Sep)","obs_na",0,0,0,0,0,0,0,0,0,0,0,0,29,43,58,689,689
"Chapman","Winter (Oct-Apr)","mean",-4.75,-10.35,0.81,0.98,914.96,85.53,-7.17,0.08,2.99,3.33,61.81,0.26,0.26,0.33,2.43,NA,NA
"Chapman","Winter (Oct-Apr)","max",11.17,8.17,21.44,20.4,946.75,100,8.69,1.34,89.96,11.58,270.88,0.59,0.57,0.53,9.79,-Inf,-Inf
"Chapman","Winter (Oct-Apr)","min",-38.86,-42.81,-31.19,0,887.28,42.52,-41.46,0,270.02,0,1.23,0.08,0.07,0.1,-2.3,Inf,Inf
"Chapman","Winter (Oct-Apr)","obs_na",0,0,0,0,0,0,0,0,0,0,0,0,209,213,6,849,849
"Chief Lake","Summer (May-Sep)","mean",12.6,4.17,20.79,1.69,927.84,74.12,7.15,0.03,0.54,2.77,181.11,0.24,NA,NA,13.3,41.78,NA
"Chief Lake","Summer (May-Sep)","max",26.57,14.96,38.28,32.2,946.52,99.31,16.13,1.07,89.6,9.56,347.49,0.44,-Inf,-Inf,16.38,100,-Inf
"Chief Lake","Summer (May-Sep)","min",0.25,-9.3,4.32,0,909.2,38.2,-5.89,0,270.37,0,25.2,0.11,Inf,Inf,6.51,0.88,Inf
"Chief Lake","Summer (May-Sep)","obs_na",0,0,0,0,0,0,0,0,0,0,0,0,990,990,736,0,990
"Chief Lake","Winter (Oct-Apr)","mean",-3.16,-8.8,2.05,1.18,926.72,83.26,-6.04,0.07,356.97,3.08,55.51,0.26,NA,NA,4.28,37.27,NA
"Chief Lake","Winter (Oct-Apr)","max",14.72,8.17,23.62,35,958.42,100,9.69,1.97,89.85,12.08,279.89,0.52,-Inf,-Inf,10.48,100,-Inf
"Chief Lake","Winter (Oct-Apr)","min",-36.49,-43.3,-27.46,0,899.19,33.98,-39.57,0,270.25,0,0.87,0,Inf,Inf,2.82,0,Inf
"Chief Lake","Winter (Oct-Apr)","obs_na",0,0,0,0,0,0,0,0,0,0,0,3,1274,1274,1062,0,1274
"Coalmine","Summer (May-Sep)","mean",12.61,Inf,-Inf,2.13,918.86,75.74,7.69,0,354.48,-Inf,65.03,0.1,NA,NA,11.46,NA,NA
"Coalmine","Summer (May-Sep)","max",29.73,Inf,39.8,33.2,936.06,98.87,16.81,0.04,88.96,7.55,148.03,0.15,-Inf,-Inf,15.8,-Inf,-Inf
"Coalmine","Summer (May-Sep)","min",0.03,-5.79,-Inf,0,901.04,40.98,-5.16,0,270.42,-Inf,12.01,0.02,Inf,Inf,5.44,Inf,Inf
"Coalmine","Summer (May-Sep)","obs_na",15,0,0,15,15,15,15,15,56,0,45,160,1171,1171,1025,1171,1171
"Coalmine","Winter (Oct-Apr)","mean",-1.97,-6.03,2.25,1.46,916.92,84.07,-4.65,0,343.14,2.88,22.46,0.1,NA,NA,1.91,NA,NA
"Coalmine","Winter (Oct-Apr)","max",16.44,11.98,24.87,30,945.91,100,11.38,0.15,89.94,7.55,97.7,0.15,-Inf,-Inf,8.88,-Inf,-Inf
"Coalmine","Winter (Oct-Apr)","min",-37.86,-41.39,-31.84,0,878.32,38.3,-40.83,0,270.12,0,0.6,0.01,Inf,Inf,-0.31,Inf,Inf
"Coalmine","Winter (Oct-Apr)","obs_na",0,0,0,0,0,0,0,0,161,0,36,459,1613,1613,1401,1613,1613
"Crooked Lake","Summer (May-Sep)","mean",11.03,4.21,17.47,1.35,933.02,71.1,4.99,0.54,13.92,6.57,178.42,NA,NA,NA,NA,NA,NA
"Crooked Lake","Summer (May-Sep)","max",20.3,14.46,30.34,27,945.95,99.08,14.11,2.33,89.2,14.09,347.44,-Inf,-Inf,-Inf,-Inf,-Inf,-Inf
"Crooked Lake","Summer (May-Sep)","min",1.29,-4.52,6.46,0,915.65,37.07,-5.92,0,272.14,2.52,27.9,Inf,Inf,Inf,Inf,Inf,Inf
"Crooked Lake","Summer (May-Sep)","obs_na",0,0,0,0,0,0,0,0,0,0,0,311,311,311,311,311,311
"Crooked Lake","Winter (Oct-Apr)","mean",-5.99,-11.9,-0.07,0.26,931.33,77.68,-9.49,0.39,7.22,-Inf,76.78,NA,NA,NA,NA,NA,NA
"Crooked Lake","Winter (Oct-Apr)","max",9.44,5.41,16.93,8,965.29,99.75,40.89,2.43,89.19,16.61,278.64,-Inf,-Inf,-Inf,-Inf,-Inf,-Inf
"Crooked Lake","Winter (Oct-Apr)","min",-42.75,-46.41,-37.39,0,904.86,44.08,-41.83,0,270.03,-Inf,1.85,Inf,Inf,Inf,Inf,Inf,Inf
"Crooked Lake","Winter (Oct-Apr)","obs_na",0,0,0,19,30,0,0,19,19,0,19,340,340,340,340,340,340
"Crystal Lake","Summer (May-Sep)","mean",12.59,Inf,-Inf,1.89,927.01,71.61,6.65,0.91,8.46,-Inf,209.14,0.11,NA,NA,14.75,31.91,NA
"Crystal Lake","Summer (May-Sep)","max",27.69,Inf,38.31,53.4,945.14,97.68,16.75,4.22,89.38,18.74,423.19,0.17,-Inf,-Inf,22.18,100,-Inf
"Crystal Lake","Summer (May-Sep)","min",0.42,-9,-Inf,0,902.65,30.79,-9.95,0.01,270.02,-Inf,25.46,0.04,Inf,Inf,5.83,0,Inf
"Crystal Lake","Summer (May-Sep)","obs_na",54,0,0,85,54,54,54,68,627,0,173,1239,2448,2448,2276,85,2448
"Crystal Lake","Winter (Oct-Apr)","mean",-3.3,Inf,-Inf,1.47,925.51,82.69,-6.14,0.76,355.07,-Inf,70.39,0.11,NA,NA,2.21,31.23,NA
"Crystal Lake","Winter (Oct-Apr)","max",16.11,Inf,24.63,41.8,955.4,98.04,9.92,4.2,89.98,26.72,315.68,0.2,-Inf,-Inf,10.59,100,-Inf
"Crystal Lake","Winter (Oct-Apr)","min",-37.79,-44.87,-Inf,0,897.7,32.25,-41.27,0,270.13,-Inf,0.6,0,Inf,Inf,0.22,0,Inf
"Crystal Lake","Winter (Oct-Apr)","obs_na",217,0,0,217,217,217,217,237,885,0,279,1580,3212,3212,2973,217,3212
"Dennis","Summer (May-Sep)","mean",11.43,Inf,-Inf,1.3,911.36,73.1,5.95,0.37,22.68,5.74,195.78,0.26,0.29,0.31,10.1,NA,NA
"Dennis","Summer (May-Sep)","max",20.7,Inf,31.41,45.2,926.34,97.73,12.72,1.84,89.55,11.07,375.92,0.56,0.57,0.52,14.97,-Inf,-Inf
"Dennis","Summer (May-Sep)","min",-0.06,-3.84,-Inf,0,884.4,44.25,-3.7,0,270.08,1.51,16.29,0.07,0.07,0.16,0.84,Inf,Inf
"Dennis","Summer (May-Sep)","obs_na",94,0,0,0,0,94,94,0,0,0,0,0,175,73,0,689,689
"Dennis","Winter (Oct-Apr)","mean",-3.2,Inf,-Inf,1.23,906.82,85.89,-5.49,0.2,357.13,4.54,67.7,0.31,0.35,0.38,2.05,NA,NA
"Dennis","Winter (Oct-Apr)","max",10.46,Inf,20.6,32.2,936.81,99.95,8.41,1.93,89.67,14.09,291.14,0.54,0.59,0.52,9.55,-Inf,-Inf
"Dennis","Winter (Oct-Apr)","min",-30.05,-35.44,-Inf,0,872.45,46.6,-32.48,0,270.32,0,1.49,0.16,0.22,0.22,0.02,Inf,Inf
"Dennis","Winter (Oct-Apr)","obs_na",212,0,0,0,0,212,212,0,0,0,0,0,337,212,0,849,849
"Dunster","Summer (May-Sep)","mean",13.14,7.65,19.4,1.71,912.53,73.13,7.78,0.45,4.84,5.43,193.11,0.12,NA,NA,13.7,NA,0
"Dunster","Summer (May-Sep)","max",27.01,18.75,37.21,37.41,928.8,96.98,16.63,5.72,89.96,14.1,405.03,0.27,-Inf,-Inf,17.78,-Inf,0
"Dunster","Summer (May-Sep)","min",-0.21,-3.57,4.04,0,890.5,33.33,-7.66,0,270.14,1.01,22.38,0,Inf,Inf,6.83,Inf,0
"Dunster","Summer (May-Sep)","obs_na",0,0,0,0,0,0,0,0,0,0,0,430,1810,1810,1680,1810,1426
"Dunster","Winter (Oct-Apr)","mean",-1.62,-4.74,1.61,1.11,911.18,82.63,-4.45,0.62,340.04,5.69,61,0.15,NA,NA,1.1,NA,14.13
"Dunster","Winter (Oct-Apr)","max",15.28,11.2,25.89,32.6,937.07,97.61,10.47,3.13,89.96,15.21,323.65,0.41,-Inf,-Inf,8.49,-Inf,44.08
"Dunster","Winter (Oct-Apr)","min",-30.94,-32.6,-29.32,0,883,37.78,-33.37,0,270.01,0,1.6,0,Inf,Inf,-0.25,Inf,0
"Dunster","Winter (Oct-Apr)","obs_na",0,0,0,0,0,0,0,0,0,0,0,642,2327,2327,2135,2327,1910
"Endako","Summer (May-Sep)","mean",11.3,Inf,-Inf,1.38,917.29,70.88,5.42,0.78,358.6,-Inf,217.72,0.09,NA,NA,NA,31.33,NA
"Endako","Summer (May-Sep)","max",25.4,Inf,36.77,40.2,935.75,96.56,16.15,3.51,89.8,16.14,419.68,0.51,-Inf,-Inf,-Inf,100,-Inf
"Endako","Summer (May-Sep)","min",-0.6,-8.16,-Inf,0,889.48,36.08,-7.49,0,270.15,-Inf,13.84,0,Inf,Inf,Inf,0,Inf
"Endako","Summer (May-Sep)","obs_na",9,0,0,26,36,9,9,5,5,0,0,1419,2713,2713,2713,0,2713
"Endako","Winter (Oct-Apr)","mean",-3.63,-8.79,1.37,0.81,913.97,81.39,-6.64,0.62,1.82,4.63,74.71,0.14,NA,NA,1,34.93,NA
"Endako","Winter (Oct-Apr)","max",13.61,9.85,23.02,34,943.42,97.23,9.98,4.01,89.97,18.37,319.37,0.52,-Inf,-Inf,1,100,-Inf
"Endako","Winter (Oct-Apr)","min",-34.22,-40.06,-26.08,0,879.18,38.02,-37.23,0,270.03,0,1.7,0,Inf,Inf,1,0,Inf
"Endako","Winter (Oct-Apr)","obs_na",0,0,0,0,208,0,0,0,14,0,0,2186,3795,3795,3793,0,3795
"George Lake","Summer (May-Sep)","mean",12.12,Inf,-Inf,1.28,913.7,69.14,5.72,0.42,6.34,4.19,172.25,0.1,NA,NA,10.94,28.35,NA
"George Lake","Summer (May-Sep)","max",28.31,Inf,38.25,66.61,932.04,99.01,14.78,3.01,89.97,12.99,375.52,0.23,-Inf,-Inf,15.64,100,-Inf
"George Lake","Summer (May-Sep)","min",0.04,-6.42,-Inf,0,886.68,29.56,-8.17,0,270.07,0,16.13,0,Inf,Inf,0.24,0,Inf
"George Lake","Summer (May-Sep)","obs_na",342,0,0,187,0,342,342,0,206,0,204,1749,2701,2701,2406,150,2701
"George Lake","Winter (Oct-Apr)","mean",-3.32,Inf,-Inf,0.84,910.8,82.2,-6.31,0.4,0.92,3.57,57.77,0.11,NA,NA,1.57,35.71,NA
"George Lake","Winter (Oct-Apr)","max",14.21,Inf,25.65,28.6,940.04,100,10.35,4.39,89.89,15.21,301.13,0.27,-Inf,-Inf,8.91,100,-Inf
"George Lake","Winter (Oct-Apr)","min",-34.1,-39.22,-Inf,0,875.77,39.01,-37.22,0,270.08,0,0.92,0,Inf,Inf,-0.92,0,Inf
"George Lake","Winter (Oct-Apr)","obs_na",218,0,0,284,0,218,218,0,273,0,212,2294,3823,3823,3480,206,3823
"Gnat Pass","Summer (May-Sep)","mean",6.39,3.6,9.71,1.89,831.47,77.34,2.27,3.62,12.44,11.53,193.87,NA,NA,NA,NA,NA,NA
"Gnat Pass","Summer (May-Sep)","max",17.99,14.19,22.01,21.4,846.79,98.61,9.43,11.31,89.84,33.77,396.76,-Inf,-Inf,-Inf,-Inf,-Inf,-Inf
"Gnat Pass","Summer (May-Sep)","min",-6.22,-9.51,-2.22,0,802.8,26.1,-12.1,0,270.03,0,32.18,Inf,Inf,Inf,Inf,Inf,Inf
"Gnat Pass","Summer (May-Sep)","obs_na",0,0,0,0,0,0,0,0,0,0,0,679,679,679,679,679,679
"Gnat Pass","Winter (Oct-Apr)","mean",-6.77,-8.95,-4.54,0.18,822.95,83.03,-9.45,3.16,8.64,9.71,71.34,NA,NA,NA,NA,NA,NA
"Gnat Pass","Winter (Oct-Apr)","max",10,5.82,13.26,11.8,847.56,97.96,5.37,12.22,89.5,36.55,308.44,-Inf,-Inf,-Inf,-Inf,-Inf,-Inf
"Gnat Pass","Winter (Oct-Apr)","min",-25.64,-30.41,-23.36,0,791.07,12.34,-31.05,0,270.08,0,3.83,Inf,Inf,Inf,Inf,Inf,Inf
"Gnat Pass","Winter (Oct-Apr)","obs_na",0,0,0,0,22,0,0,0,0,0,0,849,849,849,849,849,849
"Gunnel","Summer (May-Sep)","mean",7.62,4.8,10.59,2.93,846.88,72.9,2.42,2.76,2.99,10.32,183.22,NA,NA,NA,NA,NA,NA
"Gunnel","Summer (May-Sep)","max",23.91,20.53,29.66,75,865.2,100,14.87,9.57,89.37,49.31,382.34,-Inf,-Inf,-Inf,-Inf,-Inf,-Inf
"Gunnel","Summer (May-Sep)","min",-11.66,-14.08,-9.99,0,828.75,24.43,-12.41,0,270.67,0.39,16.08,Inf,Inf,Inf,Inf,Inf,Inf
"Gunnel","Summer (May-Sep)","obs_na",0,0,0,0,0,0,0,0,0,0,0,655,655,655,655,655,655
"Gunnel","Winter (Oct-Apr)","mean",-7.82,-11.13,-4.42,0.09,840.48,69.9,-13.09,3.01,1.65,10.86,65.83,NA,NA,NA,NA,NA,NA
"Gunnel","Winter (Oct-Apr)","max",12.22,8.52,15.87,7.6,864.35,99.91,4.52,7.54,89.5,28.07,272.6,-Inf,-Inf,-Inf,-Inf,-Inf,-Inf
"Gunnel","Winter (Oct-Apr)","min",-36.08,-37.82,-35.27,0,812.34,13.73,-38.75,0,270.79,0,2.9,Inf,Inf,Inf,Inf,Inf,Inf
"Gunnel","Winter (Oct-Apr)","obs_na",0,0,0,0,0,0,0,0,0,0,0,849,849,849,849,849,849
"Hourglass","Summer (May-Sep)","mean",11.8,6.56,16.9,1.77,885.1,65.56,4.81,1.86,26.27,-Inf,208.43,0.2,NA,NA,14.05,NA,0.1
"Hourglass","Summer (May-Sep)","max",29.7,21.84,36.74,106.6,901.55,99.23,15.5,7.3,89.67,19.85,399.84,0.46,-Inf,-Inf,18.97,-Inf,14.74
"Hourglass","Summer (May-Sep)","min",-4.91,-9.75,-3.45,0,862,25.81,-13.07,0,270.43,-Inf,0.6,0.07,Inf,Inf,6.64,Inf,0
"Hourglass","Summer (May-Sep)","obs_na",0,0,0,69,48,0,0,117,315,0,21,1161,2114,2114,2040,2114,740
"Hourglass","Winter (Oct-Apr)","mean",-4.34,-8.47,-0.33,0.42,881.4,73.63,-8.73,1.97,23.24,-Inf,76.92,0.14,NA,NA,0.61,NA,22.73
"Hourglass","Winter (Oct-Apr)","max",15.38,10.17,22.85,25.2,910.11,95.53,8.49,10.41,89.79,26.27,318.48,0.55,-Inf,-Inf,8.71,-Inf,73.22
"Hourglass","Winter (Oct-Apr)","min",-35.91,-38.91,-33.85,0,853.2,19.06,-39.01,0,270.02,-Inf,4.05,0,Inf,Inf,-3.65,Inf,0
"Hourglass","Winter (Oct-Apr)","obs_na",0,0,0,0,0,0,0,213,424,0,0,1597,2856,2856,2759,2856,885
"Hudson Bay Mountain","Summer (May-Sep)","mean",6.77,4.04,9.85,1.29,829.83,77.85,2.64,4.8,19.56,-Inf,199.59,NA,NA,NA,NA,NA,NA
"Hudson Bay Mountain","Summer (May-Sep)","max",23.66,20.53,27.58,29.6,846.23,100,11.98,16.17,89.92,43.27,398.28,-Inf,-Inf,-Inf,-Inf,-Inf,-Inf
"Hudson Bay Mountain","Summer (May-Sep)","min",-5.49,-8.46,-3.6,0,810.32,29,-9.65,1.18,270.02,-Inf,14.31,Inf,Inf,Inf,Inf,Inf,Inf
"Hudson Bay Mountain","Summer (May-Sep)","obs_na",0,0,0,117,0,0,0,124,0,0,0,1151,1151,1151,1151,1151,1151
"Hudson Bay Mountain","Winter (Oct-Apr)","mean",-5.77,-7.96,-3.52,0.26,822.17,87.22,-7.91,5.09,16.83,-Inf,76.7,NA,NA,NA,NA,NA,NA
"Hudson Bay Mountain","Winter (Oct-Apr)","max",12.04,10.05,15.1,25.61,847.35,100,7.65,23.81,89.92,49.31,304.62,-Inf,-Inf,-Inf,-Inf,-Inf,-Inf
"Hudson Bay Mountain","Winter (Oct-Apr)","min",-30.35,-32.07,-29.32,0,795.68,14.92,-32.56,0,270.08,-Inf,5.14,Inf,Inf,Inf,Inf,Inf,Inf
"Hudson Bay Mountain","Winter (Oct-Apr)","obs_na",0,0,0,0,0,0,0,145,42,0,0,1634,1634,1634,1634,1634,1634
"IBB1 Sweeney Lake","Summer (May-Sep)","mean",9.93,6.34,13.91,0.87,888.61,72.6,4.68,0.08,23.42,2.04,20.93,0.18,NA,NA,NA,14.48,NA
"IBB1 Sweeney Lake","Summer (May-Sep)","max",20.4,16.14,27.95,24.8,898.87,98.93,12.04,0.39,89.95,4.34,48.85,0.26,-Inf,-Inf,-Inf,100,-Inf
"IBB1 Sweeney Lake","Summer (May-Sep)","min",0.6,-1.55,3.16,0,875.3,42.89,-4.19,0,270.26,0,1.55,0.11,Inf,Inf,Inf,1.72,Inf
"IBB1 Sweeney Lake","Summer (May-Sep)","obs_na",0,0,0,0,0,0,0,0,0,0,0,0,158,158,158,0,158
"IBB1 Sweeney Lake","Winter (Oct-Apr)","mean",-2.54,-4.54,-0.35,1.89,883.96,89.79,-4.13,0.04,5.06,1.54,5.35,0.23,NA,NA,NA,25.58,NA
"IBB1 Sweeney Lake","Winter (Oct-Apr)","max",8.54,6.34,11.49,51,902.75,100,8.25,0.49,89.2,5.34,26.65,0.27,-Inf,-Inf,-Inf,97.25,-Inf
"IBB1 Sweeney Lake","Winter (Oct-Apr)","min",-22.92,-24.35,-21.96,0,864.38,52.31,-25.44,0,270.68,0,0.6,0.2,Inf,Inf,Inf,1.3,Inf
"IBB1 Sweeney Lake","Winter (Oct-Apr)","obs_na",0,0,0,0,0,0,0,0,0,0,0,0,213,213,213,0,213
"IBB2 Ganokwa Canyon","Summer (May-Sep)","mean",12.08,8.17,16.7,1.08,905.21,70.62,6.22,0.05,346.03,1.47,23.95,0.29,NA,NA,7.62,16.83,NA
"IBB2 Ganokwa Canyon","Summer (May-Sep)","max",21.12,16.67,29.76,20,915.81,99.99,11.83,0.29,89.16,3.67,57.14,0.46,-Inf,-Inf,10.65,100,-Inf
"IBB2 Ganokwa Canyon","Summer (May-Sep)","min",1.96,-0.89,2.94,0,891.88,36.63,-4.8,0,270.66,0,2.43,0.17,Inf,Inf,1.48,0.96,Inf
"IBB2 Ganokwa Canyon","Summer (May-Sep)","obs_na",0,0,0,0,0,0,0,0,0,0,0,0,214,214,2,0,214
"IBB2 Ganokwa Canyon","Winter (Oct-Apr)","mean",-1.92,-4.06,0.4,0.68,901.44,87.88,-3.92,0.07,7.62,1.52,6.73,0.34,NA,NA,1.89,21.12,NA
"IBB2 Ganokwa Canyon","Winter (Oct-Apr)","max",10.49,9.39,14.56,16.8,921.39,100,9.4,0.6,89.85,5.34,37.54,0.48,-Inf,-Inf,6.55,97.77,-Inf
"IBB2 Ganokwa Canyon","Winter (Oct-Apr)","min",-21.99,-24.56,-19.59,0,880.99,47.32,-23.97,0,271.42,0,0.6,0.17,Inf,Inf,0.02,2.94,Inf
"IBB2 Ganokwa Canyon","Winter (Oct-Apr)","obs_na",0,0,0,0,0,0,0,0,0,0,0,0,212,212,0,0,212
"IBB3 Pine Creek","Summer (May-Sep)","mean",10.81,6.39,15.2,0.54,908.15,74.17,5.76,0.03,19.1,1.31,7.9,0.13,NA,NA,7.13,14.49,NA
"IBB3 Pine Creek","Summer (May-Sep)","max",20.9,14.62,27.93,56.6,921.36,100,12.81,0.3,89.39,3.01,15.72,0.22,-Inf,-Inf,11.58,100,-Inf
"IBB3 Pine Creek","Summer (May-Sep)","min",0.11,-1.62,1.14,0,888.78,38.67,-3.86,0,270.48,0,0.6,0.06,Inf,Inf,0.02,1.03,Inf
"IBB3 Pine Creek","Summer (May-Sep)","obs_na",0,0,0,0,0,0,0,0,0,0,0,0,309,309,0,0,309
"IBB3 Pine Creek","Winter (Oct-Apr)","mean",-2.51,-4.91,0.05,0.72,904.28,90.13,-4.19,0.01,4.33,0.57,2.85,0.14,NA,NA,1.41,23.97,NA
"IBB3 Pine Creek","Winter (Oct-Apr)","max",11.75,9.56,17.44,34,924.84,100,9.06,0.29,89.8,3.34,14.99,0.24,-Inf,-Inf,7.8,100,-Inf
"IBB3 Pine Creek","Winter (Oct-Apr)","min",-27.5,-28.65,-25.1,0,884.06,34.75,-28.81,0,270.01,0,0.6,0.05,Inf,Inf,-0.78,1.88,Inf
"IBB3 Pine Creek","Winter (Oct-Apr)","obs_na",0,0,0,0,0,0,0,0,0,0,0,0,425,425,0,0,425
"Inklin","Summer (May-Sep)","mean",12.32,Inf,-Inf,1.39,1002.47,75.61,7.55,0.13,5.39,-Inf,133.05,NA,NA,NA,NA,NA,NA
"Inklin","Summer (May-Sep)","max",19.87,Inf,35.9,37.8,1015.25,98.5,14.93,0.81,89.9,7.55,265.2,-Inf,-Inf,-Inf,-Inf,-Inf,-Inf
"Inklin","Summer (May-Sep)","min",5.13,-3.21,-Inf,0,979.69,49.63,-1.54,0,270.06,-Inf,16.91,Inf,Inf,Inf,Inf,Inf,Inf
"Inklin","Summer (May-Sep)","obs_na",107,0,0,105,4,4,107,101,101,0,101,346,346,346,346,346,346
"Inklin","Winter (Oct-Apr)","mean",-3.2,Inf,-Inf,1.31,1001.61,86.09,-5.51,0.02,4.48,-Inf,42.1,NA,NA,NA,NA,NA,NA
"Inklin","Winter (Oct-Apr)","max",9.95,Inf,24.99,36.2,1036.05,100,5.99,0.78,89.89,10.07,214.99,-Inf,-Inf,-Inf,-Inf,-Inf,-Inf
"Inklin","Winter (Oct-Apr)","min",-29.1,-32.44,-Inf,0,972.47,53.34,-31.39,0,271.03,-Inf,0.6,Inf,Inf,Inf,Inf,Inf,Inf
"Inklin","Winter (Oct-Apr)","obs_na",31,0,0,43,31,31,31,12,12,0,12,425,425,425,425,425,425
"Kluskus","Summer (May-Sep)","mean",10.85,Inf,-Inf,1.44,889.87,69.59,4.61,0.66,12.66,-Inf,208.91,0.24,NA,NA,11.81,NA,NA
"Kluskus","Summer (May-Sep)","max",26.52,Inf,36.15,35.6,906.78,98.49,14.08,3.26,89.97,28.71,385.52,0.47,-Inf,-Inf,14.32,-Inf,-Inf
"Kluskus","Summer (May-Sep)","min",-2.36,-13.12,-Inf,0,872.35,37.72,-8.55,0,270.12,-Inf,26.81,0.02,Inf,Inf,6.17,Inf,Inf
"Kluskus","Summer (May-Sep)","obs_na",78,0,0,124,76,78,78,154,882,0,118,1097,2319,2319,2111,2319,2319
"Kluskus","Winter (Oct-Apr)","mean",-4.1,-10.39,1.92,0.77,885.48,80.92,-7.28,0.56,0.84,5.88,77.15,0.26,NA,NA,1.44,NA,NA
"Kluskus","Winter (Oct-Apr)","max",12.53,9.24,24.12,25,913.34,100,8.48,3.87,89.83,18.37,303.33,0.52,-Inf,-Inf,8.09,-Inf,-Inf
"Kluskus","Winter (Oct-Apr)","min",-38.42,-45.99,-27.96,0,858.65,42.55,-41.39,0,270.02,0,2.17,0.05,Inf,Inf,-0.07,Inf,Inf
"Kluskus","Winter (Oct-Apr)","obs_na",0,0,0,0,0,0,0,0,908,0,0,1303,3029,3029,2817,3029,3029
"Mackenzie Junction","Summer (May-Sep)","mean",12.67,4.84,20.04,1.54,931.59,71.62,6.81,1.03,332.97,-Inf,199.89,0.09,NA,NA,13.3,32.62,NA
"Mackenzie Junction","Summer (May-Sep)","max",27.46,17.3,38.7,46.4,951.64,97.37,17.12,3.03,89.9,18.74,381.55,0.17,-Inf,-Inf,19.26,100,-Inf
"Mackenzie Junction","Summer (May-Sep)","min",-2.34,-9.85,4.45,0,904.26,32.88,-10.31,0,270.03,-Inf,15.92,0,Inf,Inf,6.56,0,Inf
"Mackenzie Junction","Summer (May-Sep)","obs_na",0,0,0,42,40,0,0,168,0,0,189,1069,2349,2349,2198,0,2349
"Mackenzie Junction","Winter (Oct-Apr)","mean",-3.67,-8.78,1.07,1.07,930.59,81.79,-6.63,0.84,342.82,-Inf,68.61,0.1,NA,NA,1.51,35.07,NA
"Mackenzie Junction","Winter (Oct-Apr)","max",14.36,10.25,23.83,29.2,961,97.97,9.93,3.56,89.96,15.4,320.71,0.22,-Inf,-Inf,8.65,100,-Inf
"Mackenzie Junction","Winter (Oct-Apr)","min",-34.99,-40.94,-28.34,0,899.97,43.25,-38.5,0,270.02,-Inf,1.81,0,Inf,Inf,0,0,Inf
"Mackenzie Junction","Winter (Oct-Apr)","obs_na",0,0,0,213,0,0,0,191,12,0,41,1556,3133,3133,2912,0,3133
"Middlefork Creek","Summer (May-Sep)","mean",9.3,Inf,-Inf,2.5,900.97,73.79,3.48,1,4.03,-Inf,193.93,0.26,NA,NA,6.02,NA,NA
"Middlefork Creek","Summer (May-Sep)","max",23.89,Inf,36.5,94.2,921.05,100,15.38,4.37,89.97,18.18,384.94,0.46,-Inf,-Inf,11.03,-Inf,-Inf
"Middlefork Creek","Summer (May-Sep)","min",-8.05,-19.49,-Inf,0,876.87,33.17,-15.02,0,270.05,-Inf,10.71,0.13,Inf,Inf,-0.49,Inf,Inf
"Middlefork Creek","Summer (May-Sep)","obs_na",98,0,0,98,98,98,98,98,98,0,98,1583,2498,2498,865,2498,2498
"Middlefork Creek","Winter (Oct-Apr)","mean",-10.87,Inf,-Inf,0.25,898.33,78.61,-14.43,0.96,354.14,-Inf,70.81,0.14,NA,NA,0.12,NA,NA
"Middlefork Creek","Winter (Oct-Apr)","max",14.4,Inf,25.5,10.6,931.27,100,5.85,4.94,89.98,18.74,307.33,0.33,-Inf,-Inf,6.26,-Inf,-Inf
"Middlefork Creek","Winter (Oct-Apr)","min",-46.5,-53.55,-Inf,0,868.75,38.15,-51.27,0,270.01,-Inf,0.6,0.08,Inf,Inf,-5.12,Inf,Inf
"Middlefork Creek","Winter (Oct-Apr)","obs_na",135,0,0,135,138,135,135,135,135,0,136,2335,3609,3609,1234,3609,3609
"Mt Edziza","Summer (May-Sep)","mean",5.26,2.51,8.37,2.1,831.27,82.45,2.07,2.62,NA,10.86,146.67,NA,NA,NA,NA,NA,NA
"Mt Edziza","Summer (May-Sep)","max",19.06,15.63,25.02,17.6,847.4,100,9.7,12.1,-Inf,25.89,346.25,-Inf,-Inf,-Inf,-Inf,-Inf,-Inf
"Mt Edziza","Summer (May-Sep)","min",-3.46,-6.33,-2.22,0,811.07,33.1,-6.88,0,Inf,0,21.23,Inf,Inf,Inf,Inf,Inf,Inf
"Mt Edziza","Summer (May-Sep)","obs_na",0,0,0,345,76,0,0,0,401,0,227,401,401,401,401,401,401
"Mt Edziza","Winter (Oct-Apr)","mean",-7.02,-9.12,-4.84,0.03,822.32,87.04,-9.08,1.49,NA,6.32,53.2,NA,NA,NA,NA,NA,NA
"Mt Edziza","Winter (Oct-Apr)","max",9.19,5.8,14.55,0.8,843.45,100,4.1,11.56,-Inf,30.07,244.16,-Inf,-Inf,-Inf,-Inf,-Inf,-Inf
"Mt Edziza","Winter (Oct-Apr)","min",-26.04,-29.12,-22.99,0,795.48,26.96,-28.46,0,Inf,0,0.6,Inf,Inf,Inf,Inf,Inf,Inf
"Mt Edziza","Winter (Oct-Apr)","obs_na",0,0,0,545,83,0,0,0,637,0,332,637,637,637,637,637,637
"Nonda","Summer (May-Sep)","mean",6.63,Inf,-Inf,1.84,826.86,71.78,1.34,4.73,17.88,-Inf,192.59,NA,NA,NA,2.59,NA,NA
"Nonda","Summer (May-Sep)","max",20.24,Inf,24.7,58.6,842.85,100,12.73,17.48,89.97,39.76,419.94,-Inf,-Inf,-Inf,7.34,-Inf,-Inf
"Nonda","Summer (May-Sep)","min",-10.81,-14.1,-Inf,0,802.95,25.4,-11.57,0,270.15,-Inf,12.85,Inf,Inf,Inf,-3.67,Inf,Inf
"Nonda","Summer (May-Sep)","obs_na",474,0,0,322,261,487,488,394,722,0,169,2143,2143,2143,938,2143,2143
"Nonda","Winter (Oct-Apr)","mean",-7.82,Inf,-Inf,0.14,818.99,73.37,-12.3,5.31,19.11,-Inf,69.44,NA,NA,NA,-3.49,NA,NA
"Nonda","Winter (Oct-Apr)","max",12.74,Inf,15.62,51.01,848.53,100,4.48,20.56,89.95,46.94,318.27,-Inf,-Inf,-Inf,3.07,-Inf,-Inf
"Nonda","Winter (Oct-Apr)","min",-37.09,-39.58,-Inf,0,790.97,10.33,-40.45,0,270.2,-Inf,4.15,Inf,Inf,Inf,-10.39,Inf,Inf
"Nonda","Winter (Oct-Apr)","obs_na",828,0,0,713,658,843,843,658,1091,0,349,3133,3133,3133,1343,3133,3133
"Northern Dancer","Summer (May-Sep)","mean",6.04,3.25,9.39,1.78,NA,75.77,1.67,2.27,NA,10.52,204.67,NA,NA,NA,NA,NA,NA
"Northern Dancer","Summer (May-Sep)","max",17.19,15.37,22.23,23.4,-Inf,96.18,9.3,4.93,-Inf,14.09,400.46,-Inf,-Inf,-Inf,-Inf,-Inf,-Inf
"Northern Dancer","Summer (May-Sep)","min",-4.94,-7.48,-1.21,0,Inf,38.46,-7.88,0.57,Inf,5.03,15.31,Inf,Inf,Inf,Inf,Inf,Inf
"Northern Dancer","Summer (May-Sep)","obs_na",0,0,0,0,120,0,0,109,120,109,0,120,120,120,120,120,120
"Northern Dancer","Winter (Oct-Apr)","mean",-9.69,-11.88,-7.43,0.22,NA,81.14,-12.55,2.39,NA,10.41,70.4,NA,NA,NA,NA,NA,NA
"Northern Dancer","Winter (Oct-Apr)","max",5.39,2.69,8.22,10.6,-Inf,95.33,0.11,10,-Inf,25.16,293.53,-Inf,-Inf,-Inf,-Inf,-Inf,-Inf
"Northern Dancer","Winter (Oct-Apr)","min",-28.7,-30.76,-26.49,0,Inf,27.62,-31.28,0,Inf,0,3.68,Inf,Inf,Inf,Inf,Inf,Inf
"Northern Dancer","Winter (Oct-Apr)","obs_na",0,0,0,0,212,0,0,40,212,40,0,212,212,212,212,212,212
"Pink Mountain","Summer (May-Sep)","mean",7,Inf,-Inf,1.92,819.85,71.44,1.63,4.54,6.39,-Inf,202.73,NA,NA,NA,6.14,NA,NA
"Pink Mountain","Summer (May-Sep)","max",25.48,Inf,29.84,51.6,850.25,100,12.98,145.41,89.61,49.31,421.35,-Inf,-Inf,-Inf,13.84,-Inf,-Inf
"Pink Mountain","Summer (May-Sep)","min",-11.99,-13.66,-Inf,0,796.13,21,-14.8,0,270.32,-Inf,18.12,Inf,Inf,Inf,-2.79,Inf,Inf
"Pink Mountain","Summer (May-Sep)","obs_na",285,0,0,138,185,285,285,426,1157,0,312,2489,2489,2489,1320,2489,2489
"Pink Mountain","Winter (Oct-Apr)","mean",-8.16,Inf,-Inf,0.14,812.05,75.33,-12.16,6.11,7.96,-Inf,76.88,NA,NA,NA,-4.59,NA,NA
"Pink Mountain","Winter (Oct-Apr)","max",13.91,Inf,16.11,10.2,841.44,99.99,5.97,138.84,89.85,36.17,322.7,-Inf,-Inf,-Inf,6.7,-Inf,-Inf
"Pink Mountain","Winter (Oct-Apr)","min",-37.81,-38.71,-Inf,0,784.93,13.33,-40.77,0,270.13,-Inf,0.6,Inf,Inf,Inf,-17.22,Inf,Inf
"Pink Mountain","Winter (Oct-Apr)","obs_na",113,0,0,207,318,112,113,636,1778,0,368,3573,3573,3573,1875,3573,3573
"Saxton Lake","Summer (May-Sep)","mean",12.59,4.96,19.3,1.36,929.13,72.54,6.86,9.5,2.82,-Inf,219.79,0.2,0.28,NA,10.84,NA,NA
"Saxton Lake","Summer (May-Sep)","max",26.43,21.32,36.44,32.6,947.9,100,17.49,355.41,89.91,19.48,411.34,0.47,0.5,-Inf,15.2,-Inf,-Inf
"Saxton Lake","Summer (May-Sep)","min",-0.15,-9.46,2.89,0,903.38,38.73,-8.82,0,270.01,-Inf,29.05,0.05,0,Inf,1.4,Inf,Inf
"Saxton Lake","Summer (May-Sep)","obs_na",0,0,0,87,87,4,4,172,224,0,87,1599,1655,2828,861,2828,2828
"Saxton Lake","Winter (Oct-Apr)","mean",-3.25,-9.2,1.96,0.88,927.81,82.11,-6.3,1.23,346.8,-Inf,79.5,0.27,0.35,NA,2.46,NA,NA
"Saxton Lake","Winter (Oct-Apr)","max",15.79,12.73,25.56,35.8,958.25,100,9.88,5.56,89.92,23.93,315.94,0.48,0.5,-Inf,10.6,-Inf,-Inf
"Saxton Lake","Winter (Oct-Apr)","min",-38.96,-47.33,-27.34,0,892.74,36.67,-41.82,0,270.02,-Inf,2.38,0.07,0.1,Inf,-0.84,Inf,Inf
"Saxton Lake","Winter (Oct-Apr)","obs_na",0,0,0,263,263,2,2,263,476,0,263,2386,2386,3821,1061,3821,3821
"Seebach","Summer (May-Sep)","mean",12.46,6.73,18.5,2.62,926.08,79.96,8.39,0.01,352.57,1.08,23.65,0.37,NA,NA,9.47,21.7,NA
"Seebach","Summer (May-Sep)","max",22.66,14.29,33.44,41.4,939.86,100,14.67,0.1,89.94,4.01,42.65,0.44,-Inf,-Inf,12.17,100,-Inf
"Seebach","Summer (May-Sep)","min",1.11,-3.07,6.3,0,907.45,50.74,-2.62,0,270.04,0,4.57,0.31,Inf,Inf,0.88,1.84,Inf
"Seebach","Summer (May-Sep)","obs_na",0,0,0,0,0,0,0,0,0,0,0,0,300,300,0,0,300
"Seebach","Winter (Oct-Apr)","mean",-2.09,Inf,-Inf,2.12,923.37,91.2,-3.61,0,357.47,0.56,7.02,0.41,NA,NA,2.47,31.86,NA
"Seebach","Winter (Oct-Apr)","max",11.54,Inf,21.44,34.6,941.88,100,9.35,0.06,89.87,4.68,36.5,0.45,-Inf,-Inf,8.41,100,-Inf
"Seebach","Winter (Oct-Apr)","min",-33.06,-37.14,-Inf,0,903.2,48.93,-34.59,0,270.08,0,0.6,0.37,Inf,Inf,0.8,2.03,Inf
"Seebach","Winter (Oct-Apr)","obs_na",52,0,0,0,2,52,52,0,0,0,2,2,280,280,2,2,280
"Sunbeam","Summer (May-Sep)","mean",7.03,Inf,-Inf,2.24,798.9,74.45,2.14,3.24,353.17,-Inf,202.66,NA,NA,NA,NA,NA,0.27
"Sunbeam","Summer (May-Sep)","max",25.71,Inf,30.24,44.8,812.29,100,10.94,12.25,89.91,49.31,415.72,-Inf,-Inf,-Inf,-Inf,-Inf,19.15
"Sunbeam","Summer (May-Sep)","min",-8.37,-9.68,-Inf,0,774.35,25.96,-12.21,0,270.01,-Inf,13.95,Inf,Inf,Inf,Inf,Inf,0
"Sunbeam","Summer (May-Sep)","obs_na",90,0,0,0,234,90,90,82,636,0,4,2035,2035,2035,2035,2035,1894
"Sunbeam","Winter (Oct-Apr)","mean",-6.22,Inf,-Inf,0.38,791.98,86.94,-8.4,3.84,344.89,-Inf,81.05,NA,NA,NA,NA,NA,27.1
"Sunbeam","Winter (Oct-Apr)","max",12.2,Inf,15.89,22,818.64,100,5.78,33.13,89.91,35.81,330.72,-Inf,-Inf,-Inf,-Inf,-Inf,61.57
"Sunbeam","Winter (Oct-Apr)","min",-34.29,-37.16,-Inf,0,763.62,11.78,-36.81,0,270.02,-Inf,3.78,Inf,Inf,Inf,Inf,Inf,0
"Sunbeam","Winter (Oct-Apr)","obs_na",107,0,0,0,226,107,107,127,864,0,68,2957,2957,2957,2957,2957,2760
"Tamarac","Summer (May-Sep)","mean",13.68,Inf,-Inf,1.33,NA,65.08,6.44,0.95,NA,-Inf,NA,0.11,0.15,0.1,12.16,NA,NA
"Tamarac","Summer (May-Sep)","max",24.54,Inf,33.73,25.6,-Inf,94.92,14.73,3.03,-Inf,16.12,-Inf,0.17,0.25,0.2,17.91,-Inf,-Inf
"Tamarac","Summer (May-Sep)","min",2.55,-2.28,-Inf,0,Inf,33.86,-5.17,0,Inf,-Inf,Inf,0.05,0.06,0.03,3.63,Inf,Inf
"Tamarac","Summer (May-Sep)","obs_na",113,0,0,7,683,113,113,7,683,0,683,167,167,131,131,683,683
"Tamarac","Winter (Oct-Apr)","mean",-2.13,Inf,-Inf,0.68,NA,76.88,-6.09,1.03,NA,6.85,NA,0.12,0.15,0.09,1.61,NA,NA
"Tamarac","Winter (Oct-Apr)","max",15.13,Inf,24.56,17.8,-Inf,99.37,8.92,4.95,-Inf,16.62,-Inf,0.21,0.33,0.22,10.85,-Inf,-Inf
"Tamarac","Winter (Oct-Apr)","min",-33.18,-37.92,-Inf,0,Inf,32.53,-36.05,0,Inf,0,Inf,0.04,0.06,0.03,-0.79,Inf,Inf
"Tamarac","Winter (Oct-Apr)","obs_na",11,0,0,0,851,11,11,0,851,0,851,11,11,11,11,851,851
"Thompson","Summer (May-Sep)","mean",12.13,6.12,18.31,1.15,914.06,66.38,5.12,0.79,5.66,-Inf,199.26,0.06,NA,NA,NA,19.77,NA
"Thompson","Summer (May-Sep)","max",27.91,18.28,37.65,38.8,932.69,100,14.27,4.24,89.96,14.84,401.88,0.15,-Inf,-Inf,-Inf,100,-Inf
"Thompson","Summer (May-Sep)","min",-0.31,-5.57,0.33,0,893.94,27.25,-8.85,0,270.01,-Inf,11.61,0.01,Inf,Inf,Inf,0,Inf
"Thompson","Summer (May-Sep)","obs_na",0,0,0,44,0,0,0,77,115,0,0,1041,2411,2411,2411,0,2411
"Thompson","Winter (Oct-Apr)","mean",-2.71,-6.52,1.43,0.75,910.49,80.98,-5.95,0.65,352.28,-Inf,70.33,0.07,NA,NA,NA,24.64,NA
"Thompson","Winter (Oct-Apr)","max",14.24,10.35,23.45,34.8,940.06,100,10.08,4.62,89.92,19.67,323.79,0.4,-Inf,-Inf,-Inf,100,-Inf
"Thompson","Winter (Oct-Apr)","min",-31.63,-36.46,-26.11,0,874.84,30.95,-35.76,0,270.03,-Inf,1.28,0,Inf,Inf,Inf,0,Inf
"Thompson","Winter (Oct-Apr)","obs_na",0,0,0,59,0,0,0,3,212,0,0,1526,3436,3436,3436,0,3436
"Willow-Bowron","Summer (May-Sep)","mean",13.09,Inf,-Inf,1.49,944.78,77.64,8.3,0.07,6.38,-Inf,124.2,NA,NA,NA,NA,36.73,NA
"Willow-Bowron","Summer (May-Sep)","max",26.82,Inf,38.76,42.21,963.65,100,18.56,0.79,89.97,7.05,324.73,-Inf,-Inf,-Inf,-Inf,100,-Inf
"Willow-Bowron","Summer (May-Sep)","min",0.62,-6.3,-Inf,0,919.08,28.79,-7.75,0,270.08,-Inf,14.26,Inf,Inf,Inf,Inf,0,Inf
"Willow-Bowron","Summer (May-Sep)","obs_na",46,0,0,104,0,46,46,162,541,0,45,2645,2645,2645,2645,103,2645
"Willow-Bowron","Winter (Oct-Apr)","mean",-1.55,-6.37,3.2,1,943.8,83.3,-4.46,0.13,359.25,-Inf,33.65,NA,NA,NA,NA,28.6,NA
"Willow-Bowron","Winter (Oct-Apr)","max",16.88,12.55,25.91,43.4,975.98,100,11.25,1.35,89.97,9.28,256.71,-Inf,-Inf,-Inf,-Inf,100,-Inf
"Willow-Bowron","Winter (Oct-Apr)","min",-38.24,-43.3,-33.22,0,908.1,33.25,-41.13,0,270.05,-Inf,0.87,Inf,Inf,Inf,Inf,0,Inf
"Willow-Bowron","Winter (Oct-Apr)","obs_na",0,0,0,0,0,0,0,145,792,0,0,3405,3405,3405,3405,213,3405
